title,price
Серная кислота. Дневник Ласточки,850
Дом тишины,750
Ган Исландец. Бюг-Жаргаль,3000
Средний путь. Карибское путешествие,1200
Мечты на мертвом языке,1200
Достопочтенное общество. Очерки о сицилийской мафии,1750
Территория тьмы,950
Мексиканская одиссея. Визит к дону Отавио,2500
Рубайят. Альтернативные переводы,1450
Тропы песен,350
Беккет. Стихотворения 1930 - 1989,2000
Падение Трои,750
Император. Шахиншах,1250
Светская дурь,750
Туризм для декадентов,550
Ты следующий,650
Джеймс Миранда Барри,1500
Макбет. Гамлет,600
Тысяча сияющих солнц,750
Путешествие в Абиссинию и Харар,646
Сеть Алисы,750
"Станция на пути туда, где лучше",650
И снова Оливия,750
Сцены частной и общественной жизни животных,1275
"Крокодил, или война между добром и злом, случившаяся в царствование Людовика XV. Эпико-магическая поэма в 102-х песнях",935
На поле Фарли,950
Открытый город,672
Hocus Pocus,733
Дочь олигарха,572
Мальчики Бёрджессы,800
MANIAC,975
Книга непокоя,1000
Два шпиона в Каракасе,962
Образцы безоглядной воли,840
Итальянцы у себя дома. Италия ностра. Книга 1,800
Солнечный цирк,700
Транзит,700
Kudos,700
Cьюзен Сонтаг. Полный текст интервью для журнала Rolling Stone,650
Мельмот,750
Айдахо,700
Дымная река,800
Второе место,700
Забавы придворных,2253
Триумф зла,1000
Утопия-авеню,776
Лживая взрослая жизнь,595
Мои возлюбленные Кривоножки,1200
Imago mundi. Образ мира,450
Вена. Репортажи 1919 - 1920,200
Писатели & Любовники,650
Джинсы мертвых торчков,750
Чистый цвет,2500
Книга непокоя,4500
Лотос-блюз,828
Как я сражался и другие не менее удивительные истории из разных книг и журналов. 1951-1993 г.,1500
"Птицы, искусство, жизнь. Год наблюдений",550
Париж никогда тебя не оставит,850
Сердце искателя приключений,770
Незнакомая дочь,478
Когда мы перестали понимать мир,935
Разграбленный город. Балканская трилогия. Том 2,770
Друзья и герои. Балканская трилогия. Том 3,840
Событие,3500
Номер 11,600
Карлики смерти,450
Круглый глаз погоды и другие стихи,450
Маковое море,750
Энциклопедия абсолютного и относительного знания,1130
Подшофе,490
Мисс Бирма,950
Балканская трилогия (объединенный том),1500
Я не ем этот хлеб,900
Величайшее благо. Балканская трилогия. Том 1,770
Дамба,700
Выгон,700
Ведьмин вяз,1050
Гость,160
И эхо летит по горам,750
И повсюду тлеют пожары,750
Малые святости,560
Счастливый человек. История сельского доктора,770
Fairy Tale,6972
Детские и домашние сказки. В двух книгах,6600
Lord of the rings. Single volume 50th Anniversary edition,5791
Беседы с Ружевичем,450
Аверченко. Собрание сочинений в 13 томах. Том 6. О маленьких - для больших,560
Смерть за стеклом,700
Миф. Греческие мифы в пересказе,950
Красный рок,350
Троя. Величайшее предание в пересказе,950
Атлант расправил плечи. В трёх книгах,1725
Агентство Ш.И.Ф.Р.,976
Это здесь,574
Италия без Колизея,400
Исповедь шпиона,500
Стихи о смерти,760
"Хожение. Стихи, переводы, пьеска",240
Голос в темноте,560
Непобедимое Солнце,922
Соковнин. Проза и стихи,888
"Аверченко. Собрание сочинений в 13 томах. Том дополнительный 14. Люди и страсти. Несобранное, 1908–1909",560
Дуплекс,160
Кошки мышки,630
Корни. О сплетеньях жизни и семейных тайнах,910
Прислуга,850
Corpus Animae,450
Homo Homini,425
Я пишу для тебя,450
Стихи обо всем,314
Инаковидящий,2000
Человек из СССР. Пьесы 1927–1938,892
Глазами ящерицы. Дневник чтения одной несуществующей книги,408
Вагрич Бахчанян. Сочинения,960
Мысли о мире во время воздушного налета,490
Господин № Я,1288
Московский бестиарий,200
Священная зима 20/21,425
Гарбзадеги,700
Имени такого-то,510
Зона обстрела,240
Книга учета жизни,600
Антихрист и Девы,578
Очень сильный пол. Сочинитель. Самозванец. Ударом на удар,350
Русский как иностранный,480
"Против справедливости. Повесть, эссе, интервью",408
Лепорелло,765
Cобрание стихотворений. 2002–2020. Игорь Вишневецкий,680
История прозы в описаниях Земли,595
Стихи. 1956-1983,1854
Моноклон,500
Военные рассказы,2250
Собрание сочинений в пяти томах. Том 1. Монады,663
Доктор Гарин,1360
Севастопольские рассказы,150
Письмо Виктору Лаврову и Галине Ручьевой,800
"Memoria. Воспоминания, рассказы",750
Роза,510
Роль хрусталя в семейной жизни,250
Мастер и Маргарита. Белая гвардия,750
Метель,1050
Стихи. Егор Летов,1100
Подросток,250
Дагерротипы и фотки,225
Норма,1360
Эйсид-хаус,1750
Стеклянная женщина,750
Lakinsk Project,765
Лимония,250
Дети мои,585
Таким путём,550
Когда нет прощения,646
Альтернативная антология прозы. Русский Израиль на рубеже веков,850
Ч/б,221
Разум и чувства. Культурные коды,400
Заметки,702
Кабаков. Тексты,1640
В нашем ЖЭКе,1476
Цветник,808
Ах и ох,1704
"Мир, поставленный на паузу. Страхи, надежды и реальность эпохи коронавируса",399
"Дом, в котором…",1400
Бесконечный тупик. В двух томах,7500
Я обнаружил… Стихотворения,800
Простота русского простора,400
Стихотворения. Михаил Ерёмин,850
Шестиногая собачка. Дневники итальянских путешествий,653
Хлебников. Собрание сочинений в 6 томах. Том 2. Стихотворения 1917-1922 гг.,600
Утоли моя печали,650
Мадлон. Проза. Стихи. Пьесы,600
Перипетии. Сборник историй,680
Non-fiction по-русски правда. Книга отзывов,1500
В кварталах дальних и печальных. Избранная лирика. Роттердамский дневник,1340
Собрание сочинений в пяти томах. Том 3. Монстры,1020
За все хорошее! Тосты с рисунками Алексея Меринова,1750
Теллурия,1182
Где ты?..,250
Слова в песне сверчков,1445
Не трогай нас,595
Кладбище с вайфаем,561
Но это не точно,1000
Заплыв,995
Круть,1620
Фрау,1190
Тайный ход,595
Бегущая строка,850
Роман,1624
Мещанинова. Рассказы,700
Целый год. Мой календарь,595
Пётр Бутурлин. Полное собрание стихотворений,1960
Ещё. Тексты. Архив и рукописи,3000
Малые формы. 1978-2015,800
Автографы. Черновые и беловые рукописи. Том 3. 1993-1997,11500
Богиня. Разговоры с Ренатой Литвиновой,-1
Желтая стрела,-1
Солнечное утро. Книга стихов 2018-2020,600
Москва - Петушки и другие произведения,1398
Москва слезам не верит,1810
Демоны в раю. Последний сон разума. Собрание сочинений в 5 т. Том 2,-1
Путем дикого гуся,-1
Сага о Щупсах,-1
Дорогие Американские Авиалинии,-1
Немой пианист,-1
Охотники за сокровищами,-1
Не только Холмс. Детектив времен Конан Дойла (Антология викторианской детективной новеллы),-1
Смерть и возвращение Юлии Рогаевой,-1
Бестолковая святая,-1
Поколение А,-1
Страна призраков,-1
"Смерть прототипа, или Портрет",-1
Мясорубка для маленьких девочек,-1
Права животных и порнография,-1
Пять времен года,-1
Milky Way и другие кровельные работы,-1
Клара и мистер Тиффани,-1
Немецкое наследие,-1
Крылья воробья,-1
Ночной Фауст,-1
"Вот так уходит день от нас, уходит безвозвратно",-1
Красное ухо,-1
Вдребезги,-1
Напутствие умирающим (реальное пособие),-1
День собаки,-1
Утонченный мертвец,-1
Jpod,-1
Семья Марковиц,-1
"Рабы ""Microsoft""",-1
Все вечеринки завтрашнего дня,-1
В финале Джон умрет,-1
Неторопливый рассвет,-1
Пока подружка в коме,-1
Искусство почти ничего не делать,-1
Охота на Сезанна,-1
Зачарованные камни,-1
Книга Рабиновичей,-1
Сорок роз,-1
Обожание,-1
Птица,-1
Три метра над небом,-1
Римские призраки,-1
Похвала правде,-1
Осенняя история,-1
Воскресный день у бассейна в Кигали,-1
Мои опасные путешествия,-1
Чучельник,-1
Идиоты. Пять сказок,-1
Режиссер,-1
Маска ночи,-1
Панкшуй,-1
Наречия,-1
Поколение A,-1
Сто дней,-1
Мамины Субботы,-1
Итальяшка,-1
Смерть клерка,-1
Знакомство категории Х,-1
Кто такой Лу Шортино?,-1
Значащие эпизоды,-1
Премудрая Элоиза,-1
Книга книг. Том тайн,-1
Под сенью святынь,-1
Катерина,-1
Очарованный варвар,-1
Полчасика для Сократа,-1
Минеральный джаз,-1
Идору,-1
Два чемодана воспоминаний,-1
Секретная инструкция ЦРУ по технике обманных трюков и введению в заблуждение,-1
"Виктор, или Дети у власти",-1
"Может, оно и так…",-1
Торквемада,-1
Гномы к нам на помощь не придут,-1
Змия в раю,-1
Два Сэма. Истории о призраках,-1
Зонтик для террориста,-1
"Встречи у метро ""Сен-Поль""",-1
Иудино дерево в цвету,-1
Лиса в курятнике,-1
Где ж это видано?!,-1
Наследство разоренных,-1
Восток есть Восток,-1
Страна навозников и другие путешествия,-1
Карта мира,-1
"Привет, Галарно!",-1
Не сегодня - завтра,-1
Аристократия духа,-1
Откровения романтика-эротомана,-1
Даже для Зигги слишком дико,-1
Я была Алисой,-1
Случайная вакансия,-1
"Во что мы верим, но не можем доказать: Интеллектуалы ХХI века о современной науке",-1
"Ветер сквозь замочную скважину. Книга 8 из цикла ""Темная башня""",-1
Картинки деревенской жизни,-1
Нечаев вернулся,-1
Пустыня,-1
Евангелие от Джимми,-1
"Мой отец, его свинья и я",-1
История картины,-1
Красота на земле,-1
Чосер и чертог славы,-1
Милый друг Ариэль,-1
Оборотень,-1
Метан,-1
О поисках любви,-1
Ценой потери,-1
Вокзальная проза,-1
"Летний домик, позже",-1
Бенефис,-1
Звук моего голоса,-1
Вибратор,-1
Слишком поздно,-1
Дитя волн: Притчи,-1
Бонсай. Метаморфозы любви,-1
Забиба и царь,-1
Два чемодана воспоминаний,-1
Симон Маг,-1
V значит вендетта,-1
Крейцерова соната,-1
Прошедший многократный раз,-1
Жизнь и искушения отца Мюзика,-1
Путешествие на край тысячелетия,-1
"Распутник. Обезьянка лорда Рочестера, или Жизнь Джона Уилмота, второго графа Рочестера",-1
Другая Болейн,-1
Дива Никотина,-1
Спустя вечность,-1
Хроники хорьков. Хорьки-спасатели на море,-1
Почему Бразилия?,-1
Осень юности,-1
Венок из васильков и руты... Адам Мицкевич в переводах Филиппа Вермеля,-1
"Я буду здесь, на солнце и в тени",-1
Пикник парикмахеров,-1
Белки в Центральном парке по понедельникам грустят,-1
Черепаший вальс,-1
Краткая история смерти,-1
Легенды о короле Артуре и рыцарях Круглого стола,-1
Как ограбить швейцарский банк,-1
Туула. Роман. Менестрели в пальто макси. Рассказы,-1
Венок ангелов,-1
Роза и лилия,-1
Поцелуй,-1
Ярмарка коррупции,-1
Радан Великолепный,-1
Потерянные души,-1
Билеты в кассе. Биоавтография,-1
Помпеи нон грата,-1
Иди ко мне,-1
Убийство в Амстердаме,-1
Морские рассказы,-1
Хроники хорьков. Хорьки в поднебесье,-1
Кислород,-1
Песнь о Гайавате,-1
"А облака плывут, плывут. Сухопутные маяки",-1
Неспящий Мадрид,-1
Мертвецы,-1
Америка: последняя империя. Конец истории по-американски,-1
Собиратель миров,-1
Мужская сила: Рассказы американских писателей,-1
Божественное свидание и прочий флирт,-1
Уготован покой…,-1
Пасторша,-1
Аквариумная любовь,-1
Амаркорд. И корабль плывет,-1
Откровения бывалого человека,-1
Косые тени далекой земли,-1
Лучше не бывает,-1
Суп Кафки,-1
Хроника потерянного города. Сараевская трилогия,-1
"Там, где в дымке холмы",-1
Дворец грез,-1
Зона Синистра,-1
Теода,-1
Путь всякой плоти,-1
"Дневник Скотта Пендлтона Коллинза, солдата Второй мировой войны",-1
Убить двух птиц и отрубиться,-1
Ночные рассказы,-1
Спаси меня,-1
Прости за любовь,-1
На пятьдесят оттенков темнее,-1
Смерть моего врага,-1
Сказитель из Марракеша,-1
Квазимодо,-1
Литература Средних веков. Хрестоматия,-1
Реальность на продажу,-1
Затмение,-1
Последний выход Шейлока,-1
Шторм,-1
Принц Вест-Эндский,-1
"Уйти, вернуться. Сила страстей",-1
Голос в полдень,-1
Люди за дамбой,-1
Хроники хорьков. Хорек-писатель в поисках музы,-1
Наглядные пособия,-1
Бей в точку,-1
Двойная жизнь Вермеера,-1
Властитель душ,-1
"Дьюи. Кот из библиотеки, который потряс весь мир",-1
Мы еще потанцуем,-1
"Вилла ""Инкогнито""",-1
"Здравствуй, грусть: романы, эссе",-1
Три метра над небом,-1
Пятьдесят оттенков серого,-1
Блудницы Вавилона,-1
Практическая магия,-1
Последний король Шотландии,-1
Жарко Петан. Афоризмы. Избранное,-1
Цветок Америки,-1
Окончательный диагноз,-1
Лена и ее любовь,-1
Вне себя,-1
Бунтарка. Клиент всегда прав?,-1
Жизнь венецианского карлика,-1
"Авиньонский квинтет. Констанс, или Одинокие пути",-1
Над обрывом,-1
Конкистадор,-1
Одиночество Алины Воробьевой,-1
Нубийский принц,-1
Ланарк - Жизнь в четырех книгах,-1
Комедианты,-1
Инжектором втиснутые сны,-1
Стыд,-1
О красоте,-1
Страдания Адриана Моула,-1
"Мы, животные",-1
Король интриги,-1
Учение горы Сен-Виктуар,-1
"Ливадия, или Ночные бабочки Российской империи",-1
Новая жизнь,-1
Файф-о-клок,-1
Кинокава,-1
Двойник,-1
Меж сбитых простыней,-1
Ревность,-1
Скорпионы в собственном соку,-1
Орден Ассасинов,-1
Лишенные веры,-1
Круг иных,-1
Кафка на пляже,-1
"Золотая кость, или Приключения янки в стране новых русских",-1
Зачарованная величина. Избранное,-1
Другие цвета,-1
Нью-Йорк. История города,-1
Лунный парк,-1
Окрестности Лондона. Сто миль истории,-1
Брачные узы,-1
Непростые,-1
Любовник Дженис Джоплин,-1
От города W. до города D. Венские этюды/ Дублинцы,-1
Никому не прощу. Воспоминания,-1
Дворец наслаждений,-1
От Нотр-Дам до Эйфелевой башни,-1
По следам Марко Поло. Дорогами Чингисхана,-1
Отдамся в хорошие руки,-1
Объяли меня воды до души моей…,-1
Спокойный хаос,-1
Клуб для джентльменов,-1
Зимний сон,-1
"69 мест, где надо побывать с мертвой принцессой",-1
Фата-моргана любви с оркестром,-1
Жизнь после Бога,-1
Дзен и искусство ухода за мотоциклом. Исследование ценностей,-1
Пересуды,-1
Дети смотрителей слонов,-1
Обратный билет,-1
"Лейла, снег и Людмила",-1
В незнакомых садах,-1
Приключения Кавалера и Клея,-1
Карибский реквием,-1
Избранные проза. Два тома. Том 1 - В дороге. Том 2 - Бродяги Дхармы. Подземные,-1
Обрезание,-1
Городские ангелы,-1
Как велит Бог,-1
Мечтательница из Остенде,-1
Похититель снов,-1
Именно это,-1
Мы - из восставшей Лахвы. Воспоминание о давно прошедшей войне,-1
Память золотой рыбки,-1
Халтурщики,-1
Пятьдесят оттенков свободы,-1
Бедолаги,-1
Alabama Song,-1
Трения,-1
Другой мужчина,-1
Олух Царя Небесного,-1
Каменное брачное ложе,-1
Игрок 1. Что с нами будет?,-1
За бортом жизни,-1
На примере брата,-1
Хозяин черных садов,-1
"Генерал ""красной армии"". Во главе самой большой британской футбольной ""фирмы""",-1
Иуда обнаженный,-1
Последний урок,-1
Смертельный номер,-1
Мушкетер,-1
Вели мне жить,-1
Заживо погребенный,-1
Облачный атлас,-1
Все в лес пошли…,-1
Утренняя звезда,-1
Отступление,-1
Дочь,-1
Кока-гола компани,-1
Кот в сапогах,-1
Италия. Под солнцем Тосканы,-1
Дочь Каннибала,-1
Человек за фортепьяно,-1
Сын аккордеониста,-1
Воскресный философский клуб,-1
Кеплер,-1
Когда Ницше плакал,-1
Три грустных тигра,-1
Первый глоток пива и прочие мелкие радости жизни,-1
Без нее. Путевые заметки,-1
Грязь,-1
Колесница плоти,-1
Дети Снеговика,-1
Могильщик кукол,-1
Страх гиацинтов,-1
Сумеречные люди,-1
Дефиле,-1
Преимущества и недостатки существования,-1
"Авиньонский квинтет. Себастьян, или Неодолимые страсти",-1
"Необычайный крестовый поход влюбленного кастрата, или Как лилия в шипах",-1
Игроки Господа,-1
Мясо. Eating Animals,-1
Богобоязненный,-1
"Мужчина, который забыл свою жену",-1
Каменный ангел,-1
Плат святой Вероники,-1
Великий запой,-1
Четыре жизни ивы,-1
Галаор,-1
Женщина в янтаре: Антология латвийской современной прозы,-1
"Путешествие на ""Брендане"". По пути Ясона. Экспедиция ""Улисс""",-1
Пепел,-1
За гранью нервного срыва,-1
Гибель гигантов,-1
Завоеватель,-1
Записки на табличках Апронении Авиции,-1
Скиппи умирает,-1
Дом над Онего,-1
Большой дом,-1
Онича,-1
Adibas,-1
Смерть докторши,-1
Цвет времени,-1
Чары Шанхая,-1
Пир плоти,-1
Аустерлиц,-1
Туда-сюда,-1
Пустой амулет,-1
Сад Финци-Контини,-1
Любовь-нелюбовь,-1
"Озорные мысли от ""А"" до ""Я"": Сб.",-1
Вопрос - ответ,-1
"Жизнь прекрасна, братец мой",-1
Дермафория,-1
В розовом,-1
Самая большая подводная лодка в мире,-1
Домой до темноты,-1
Кью,-1
"Библейские героини. Книга 2. История Сепфоры, жены Моисея",-1
Инверсии,-1
"Отель ""Раффлз""",-1
Потерянный дневник дона Хуана,-1
"Клуб ""Кун-фу""",-1
Вечная полночь,-1
Взлетают голуби,-1
Неделя в декабре,-1
"Убийство, которое совершает каждый",-1
Тропами северного оленя,-1
Погребальный поезд Хайле Селассие,-1
Женщина в песках. Чужое лицо: собрание сочинений. В 4 томах,-1
Эсперанса,-1
Уильям Сомерсет Моэм. Секретный агент. Джозеф Конрад. Саботаж,-1
О приятных и праведных,-1
Портрет англичанина в запечатанном замке,-1
Швейцар,-1
Семь ликов Японии и другие рассказы,-1
Удивительные приключения рыбы-лоцмана. 150 000 слов о литературе,450
Сигареты и пиво,-1
M/F,-1
Затерянные в Шангри-Ла,-1
Рыдание пастухов,-1
Миссис Шекспир. Полное собрание сочинений,-1
Смертию смерть поправ,-1
Странники в ночи,-1
Южный ветер,-1
Эшби,-1
Мама и смысл жизни,-1
Истории для души,-1
Река без берегов. Часть вторая: Свидетельство Густава Аниаса Хорна. Книга первая,-1
Заводной апельсин,-1
"Клуб ""Криптоамнезия""",-1
Ничья длится мгновение,-1
31 августа,-1
Бегство от Франка,-1
Альпы. От Любляны до Лиона и от Мюнхена до Милана,-1
On/Off. Включить. Выключить,-1
Утешительная партия игры в петанк,-1
Рок-н-ролл: Роман,-1
Змеи и серьги,-1
Проблема Спинозы,-1
Дурной тон,-1
Открытки с того света,-1
Малые ангелы,-1
Эротический потенциал моей жены,-1
Сумерки Италии. Собрание сочинений в 7 томах. Том 7,-1
Радуга в небе. Собрание сочинений в 7 томах. Том 4,-1
Дева Баттермира,-1
Тысяча осеней Якоба де Зута,-1
Лжец на кушетке,-1
Страна вина,-1
На суше и на море,-1
Поправка за поправкой,-1
"Вернись домой, Халиль",-1
Дом падших ангелов,-1
Минотавр,-1
"Авиньонский квинтет. Quinx, или Рассказ Потрошителя",-1
Кристиан Ланг - человек без запаха,-1
Фальконер,-1
Были бы у разума ножки,-1
Идиотизм наизнанку: О влиянии двух поляки,-1
Адвент. Повесть о добром пастухе,-1
Вглядываясь в солнце. Жизнь без страха смерти,-1
Bambini di Praga 1947,-1
Шотландия: Путешествие по Британии,-1
Возвращение Фабрицио,-1
"Кони, кони...",-1
Утро в Мексике. По следам этрусков,-1
Проза о любви,-1
Железный бурьян,-1
Прогулка под деревьями,-1
Дэвид Додж. Поймать вора. Хелен Симпсон. Под знаком Козерога,-1
Сумрачный красавец,-1
Прага. История города,-1
Первая жертва,-1
"Катарина, павлин и иезуит",-1
Бегом с ножницами,-1
Раки-отшельники,-1
Любовь после полудня,-1
Метеоры,-1
Изверг Род,-1
Кома,-1
Эпилог,-1
Мех форели,-1
Лондон. Прогулки по столице мира,-1
Альбуций,-1
Роль моей семьи в мировой революции,-1
Американский голиаф,-1
Демоны Боддеккера,-1
Потомки,-1
Книга о Бланш и Мари,-1
Женщина-лисица. Человек в зоологическом саду,-1
Самая малость,-1
Все языки мира,-1
"Авиньонский квинтет: Месье, или Князь Тьмы",-1
Джевдет-бей и сыновья,-1
Летние обманы,-1
Любовь,-1
Улыбка топора,-1
Пробуждение Рафаэля,-1
Добрые феечки Нью-Йорка,-1
Par Avion,-1
Девушка из Золотого Рога,-1
Маски,-1
Александр и Алестрия,-1
Идеаль,-1
Китай. Суп из акульего плавника,-1
Парфюмер,-1
Господин мертвец,-1
Домино,-1
Конспираторы,-1
Михаэль. Книга для инфантильных мальчиков и девочек,-1
Дневник моего отца,-1
Джаз в Аляске,-1
Досье Берроуза,-1
Внесите тела,-1
Лайла. Исследование морали,-1
Опасный метод,-1
Невероятная частная жизнь Максвелла Сима,-1
Автобиография Элис Би Токлас,-1
Музей невинности,-1
Дорога перемен,-1
Нон Лон Дон,-1
Мой маленький муж,-1
Пьесы,-1
Свидание вслепую,-1
Мальчик в полосатой пижаме,-1
"Большая грудь, широкий зад",-1
Новолуние,-1
Кодло. Экспериментальное исследование,-1
Кораблекрушение,-1
"Билет, который лопнул, оставил мало времени, поэтому желаю ""доброй ночи""",-1
1Q84. Тысяча Невестьсот Восемьдесят Четыре. Книга 1. Апрель-июнь,-1
Родная речь,-1
Усадьба Иннхауг,-1
Сексуальная жизнь Катрин М.,-1
Семья Мускат,-1
"Библейские героини. Книга 1. История Сарры, жены Авраама",-1
Про господина Кагеаки-Оба,-1
Лето на острове Патмос,-1
"Полночь ХХI век. Антология новейшей французской прозы от издательства ""Minuit""",-1
Странная смерть романтика,-1
Слезовыжималка,-1
Поваренная книга жизни,-1
Берег Варваров,-1
Лестницы Шамбора,-1
Тарантул,-1
Размышления о Венере Морской,-1
Сон разума,-1
Мертвый эфир,-1
1Q84. Тысяча Невестьсот Восемьдесят Четыре. Книга 3. Октябрь-декабрь,-1
Бумажные тигры,-1
Визит лейб-медика,-1
В поисках единорога,207
Станция Бахмач,-1
Рассказы о Бааль-Шем-Тове,-1
Мать Тереза. Вера творит чудеса,-1
Simple Storys,-1
Филип и другие,-1
Маленькое Чудо,-1
Полночная месса. Собрание рассказов. Том 3,-1
Дом паука,-1
Вербовщик,-1
Романтический эгоист,-1
Процесс Жиля де Рэ,-1
Невероятное паломничество Гарольда Фрая,-1
Пристань святых,-1
Зеленые человечки,-1
Европеана,-1
Заговор против Америки,-1
Последнее танго в Париже,-1
Зорро. Рождение легенды,-1
Предание смерти. Кое-что о спорте,-1
Тебе не пара,-1
Создание Представителя для Планеты Восемь. Сентиментальные агенты в Империи Волиен,-1
Призраки,-1
Наука убийства,-1
Николай Николаевич и другие романы повести. Сочинения в 5 т. Т.1.,293
Создатель здания,-1
Дневник порнографа,-1
Могила для 500000 солдат,-1
Пособник,-1
Безвозвратно утраченная леворукость,-1
Глазами клоуна,-1
Новый дневник грабителя,-1
Последний звонок,-1
Собрание сочинений в 5 томах. Том 4. Деревья гордыни. Колдун. Рассказы,-1
Нечего бояться,-1
Сны и камни,-1
Род-Айленд блюз,-1
Поцелуй женщины-паука,-1
Великие мечты,-1
Какое надувательство!,-1
"Если спросишь, где я",-1
Любовник моей матери,-1
Флоренс Аравийская,-1
История жизни в разных историях,-1
Чужие сны и другие истории,-1
Пинбол,-1
Что случилось с собакой однажды ночью,-1
Эротоэнциклопедия,-1
Соль,-1
Как живут мертвецы,-1
Мемуары везучего еврея. Итальянская история,-1
Равель,-1
Все есть,-1
"Вилла ""Амалия""",-1
О деньгах о старости о смерти и пр.,-1
Бартлби и компания,-1
Письма молодому романисту,-1
Золотая рыбка,-1
Манчестерская тусовка,-1
"Путь к славе, или Разговоры с Манном",-1
Проклятие Че Гевары,-1
Остров женщин,-1
Хендерсон — король дождя,-1
Дагиды,-1
Сообщение Артура Гордона Пима,-1
Наваждение,-1
Чужак,-1
Гринвичский меридиан,-1
В доме своем в пустыне...,-1
Шпион из Калькутты. Амалия и Белое видение,-1
Моя жизнь с Шагалом. Семь лет изобилия,-1
Лесной замок,-1
"Браки между зонами три, четыре и пять",-1
Гомер. Илиада,-1
Сириус экспериментирует,-1
Низость,-1
Волшебная сказка Томми,-1
Американские боги,-1
"Утка, утка, Уолли",-1
Жизнь после Бога,-1
"Тарантул, или Кожа, в которой я живу",-1
Изобретение любви,-1
Всадник с улицы Сент-Урбан,-1
Допплер,-1
Сумеречная земля,-1
Раб,-1
"Шикаста: Из цикла ""Канопус в Аргосе: Архивы""",-1
Надувной доброволец,-1
Книга о друзьях,-1
Последний окножираф,-1
Белая крепость,-1
Святая Земля. Путешествие по библейским местам,-1
Клуб ракалий,-1
35 кило надежды,-1
Умирающее животное,-1
Залежалый товар,-1
Камни Флоренции,-1
Возмущение,-1
Ступени. Садовник. Чертово дерево,-1
Дукля,-1
Проклятые,-1
Суматоха в Белом доме,-1
Аномалия,-1
Голова поэта,-1
За что мы любим женщин,-1
Ниже нуля,-1
Зеленое дитя,-1
"Не плачь, Тарзан!",-1
Сатана в церкви,-1
"См. статью ""Любовь""",-1
Земля. Долгий путь вокруг,-1
Ангел зимней войны,-1
Западные земли,-1
Циркач. Жизнеописание,-1
На Лесном озере,-1
Торжество возвышенного,-1
Безумная любовь,-1
Лучшее от McSweeney's,-1
Маара и Данн,-1
Дом ангелов,-1
Таинственное пламя царицы Лоаны,-1
Лорд Малквист и мистер Мун,-1
Повесть из собственной жизни: дневник в 2-х тт. Том 1.,-1
Семейная могила,-1
Книги в моей жизни,-1
Этот сладкий запах психоза. Доктор Мукти и другие истории,-1
"Маленькие девочки дышат тем же воздухом, что и мы",-1
Обреченное начало,-1
За окном,-1
Голубчик,-1
Исправленное издание. Приложение к роману «Harmonia Caelestis»,-1
Долина Иссы,-1
Тюльпан,-1
Два романа о любви,-1
Багровый лепесток и белый,-1
Аэрокондиционированный кошмар,-1
Истории господина Койнера / Geschichten vom Herrn Keuner,-1
Изнанка веера. Приключения авантюристки в Японии,-1
Письма к друзьям,-1
Призраки,-1
"Хемлок, или яды",-1
Унижение,-1
Лето в Бадене,171
"Курочка Ряба, или Золотое знамение",146
Небожитель,150
Кровь на полу в столовой,-1
Свободу медведям,-1
"Аркадия, любовь моя",-1
Лекарство от нерешительности,-1
Проклятие Гавайев,-1
Пигмей,-1
Предчувствие конца,-1
"Тяжело в учении, легко в бою",-1
Мистер Гвин,-1
Б.Р. (Барбара Радзивилл из Явожно-Щаковой),-1
Где собака зарыта,-1
Мадам,-1
Король Артур и рыцари Круглого стола,-1
"Алмазный огранщик. Будда о том, как управлять бизнесом и личной жизнью",-1
Театр Шаббата,-1
Путермессер и московская родственница,-1
Оперетты Гилберта и Салливена,-1
Мчащиеся кони,-1
Мавзолей. Современная венгерская драматургия. В 2 книгах. Книга 1,-1
Город святых и безумцев,-1
Еще один год в Провансе,-1
Нова Экспресс,-1
Портрет человека-ножа,-1
"Good night, Джези",-1
Дрейфус… Ателье. Свободная зона,-1
Похвальное слово мачехе,-1
Бродячие псы,-1
"Ну и тварь ты, Вишковитц!",-1
Чаттертон,-1
Расследования / Вымыслы (2 тома),-1
Косовский одуванчик,-1
Корона во тьме,-1
Охотники за головами,-1
Дневник налетчика,-1
Прыжок в темноту. Семь лет бегства повоенной Европе.,-1
Кто все расскажет,-1
1Q84. Тысяча Невестьсот Восемьдесят Четыре. Книга 2. Июль - сентябрь,-1
Любиево,-1
Погода массового поражения,-1
Любовь и приключения Казановы,-1
Пепел стихий,-1
Дети Ананси,-1
Берлин - Москва. Пешее путешествие,-1
Повесть о любви и тьме,-1
Имена,-1
Вечные любовники,-1
"Принц-потрошитель, или Женомор",-1
Никто из нас не выйдет отсюда живым,-1
Мать и сын,-1
Франция. По следу Сезанна,-1
Ангел Левин,-1
Красная сирена,-1
Лондонские сочинители,-1
Образцовая смерть,-1
"Я, которой не было",-1
Дневник,-1
Бегуны,-1
Марго,-1
Американская пастораль,-1
Потерянный рай,-1
Видения Жерара. Бродяги Дхармы. Биг Сур,-1
Притчи,-1
Маленький нью-йоркский ублюдок,-1
Ромовый дневник,-1
Похороны Великой Мамы,-1
Зенитный угол,-1
Уникальный роман,-1
Лед,-1
По ходу жизни,650
Путешествие слепого змея за правдой,-1
Лунный лик Фортуны,-1
Книга Давида,-1
Кот в золотой карете,-1
Фонтанелла,-1
Съешь меня,-1
Гангстеры,-1
Гувернантка,-1
Дикобраз,-1
Кто твой враг,-1
Семья Машбер,-1
Хадасса,-1
Дети Бронштейна,-1
"Самая-самая, всеми любимая (На работе тоже все о'кей)",-1
Побег из Амстердама,-1
Не все так безоблачно,-1
Лондон. Биография,-1
Завещание веков,-1
Против неба на земле,-1
Золото,-1
Полубрат,-1
В саду чудовищ. Любовь и террор в гитлеровском Берлине,-1
Космополис,-1
Падение Стоуна,-1
Сад,-1
Классно быть Богом,-1
Отдайте мне ваших детей!,-1
Передышка,-1
В стенах города. Пять феррарских историй,-1
Красный дождь,-1
Виски. Шотландский секрет глазами английского шпиона,-1
Радости земные,-1
Небесные наслаждения,-1
Вальтасар. Автобиография,-1
Второй Эдем,-1
Мягкая машина,-1
Пьесы,-1
Дзен и искусство ухода за мотоциклом. Исследование ценностей,-1
Горизонт,-1
Кровожадные сказки,-1
Гарун и Море Историй,-1
Послание Николая Обухова. Реконструкция биографии,-1
"Прощай, Колумбус и пять рассказов",-1
На берегу,-1
Марта Квест,-1
Занимательное облаковедение. Учебник любителя облаков,-1
Сочинения Фрица Кохера,-1
Элеанор Ригби,-1
Крестоносцы,-1
Почтамт. Женщины. Макулатура,-1
Кельтские мифы,-1
Блокнот Бенто,-1
"Два наследства, или Дон Кихот. Дебют авантюриста",-1
Тени,-1
Антология современной французской драматургии. Том первый,-1
"Иной свет, или Государства и Империи Луны",-1
"Фридрих Шиллер. Духовидец. Карл Гроссе. Гений. Генрих Цшокке. Абеллино, великий разбойник",847
Когда всё кончилось,-1
Кентерберийские рассказы,1107
Трагедия человека,-1
Дневник незначительного лица,-1
Мой лейтенант. Зубр,267
КГБ и другие стихи,146
Желтый дом. Щина,69
Соло для альта,140
На перекрестье,145
Север-юг,146
Утомленные солнцем,215
Смех AGAIN,284
Коллекция: Петербургская проза (ленинградский период) 1980-е,119
"Никогда не женись на девушке из ""Микадо""!",135
Камергерский переулок,235
Город с названьем Ковров-Самолетов,187
Жестокий театр,-1
Кок'н'булл,-1
Имя розы,-1
Опередить Господа Бога,-1
В польских лесах,-1
Игра на понижение,-1
Счастливые привидения,-1
Сталки и компания,-1
Вечный альманах гарпий,-1
За веру отцов,-1
Кошки,-1
Притча,-1
Уильям Фолкнер. Собрание рассказов в 2 томах. Том 1,-1
Спасите наши души,-1
Рассеянные мысли,-1
Вся жизнь впереди,-1
Добыча. Чрево Парижа,-1
Камо грядеши,-1
Чувство и чувствительность. Эмма,-1
Граф Монте-Кристо: роман в 2 т. Т. 2,-1
Сага о Форсайтах. В 2 т. Т. 1,-1
Пер Гюнт; Драмы,-1
Красная комната: пьесы; новеллы,-1
Собрание ранней прозы,-1
Руссо Жан-Жак. Исповедь,-1
"Процесс. Замок: романы, рассказы.",-1
Робинзон Крузо. Романы,-1
Мидлмарч: Картины провинциальной жизни,-1
Голубчик,-1
Спартак,-1
Афродита,-1
Под знаком Рыб,-1
Двадцать лет спустя. В двух томах,-1
Титус один,-1
Игрушечный дом,-1
Город Солнца,-1
Вербное воскресенье,-1
Еврейские литературные сказки,-1
Перехожу на прием,-1
Полеты в одиночку,-1
Завещание убитого еврейского поэта,-1
Андалузская шаль и другие рассказы,-1
Новые мелодии печальных оркестров,-1
Поправка-22,-1
"Парни в гетрах. Яйца, бобы и лепешки. Немного чьих-то чувств. Сливовый пирог",-1
Игра на разных барабанах,-1
Освящение мига: поэзия. Философская эссеистика,-1
"Спаси меня, вальс",-1
Маленький принц,-1
Палач,-1
Обрученная,270
Кратер,-1
Луи Буссенар. Собрание романов. Галльская кровь. Ледяной ад. Без гроша в кармане,-1
Лимонный стол,-1
11/22/63,-1
Томас Бернхард. Все во мне…,-1
Мы живые,-1
Песнь о крестовом походе против альбигойцев,945
Собрание сочинений в 29 томах. Том 29. Маяк на далеком острове. Болид,-1
Мигель де Сервантес Сааведра. Восемь комедий и восемь интермедий,1747
Старый английский барон,810
Тайный агент. На взгляд Запада,945
Испанская трагедия,945
Палитра сатаны,-1
Шаль,-1
Миртала,-1
Привыкнуть друг к другу можно и без слов это совсем не долго,-1
Чертов крест: Испанская мистическая проза XIX - начала XX века,-1
"Пьесы: Желание, пойманное за хвост. Четыре маленькие девочки",-1
Где все?,-1
В Англии все наоборот. Антология английского юмора,-1
Именем Зевса,-1
Шесть новых шведских пьес,-1
Бретонские легенды,-1
Зелень. Трава. Благодать,-1
Чероки,-1
Покуда я тебя не обрету,-1
Томас Чаттертон,-1
О моем падении,-1
Околоток,-1
Полковнику никто не пишет,-1
Опасные приключения Мигеля Литтина в Чили,-1
Унесенные ветром: роман: в 2 т. Т. 1.,-1
Унесенные ветром: роман в 2 т. Т. 2.,-1
Житейские воззрения кота Мурра. Новеллы. Сказки,-1
Фараон,-1
Дочь Монтесумы. Жемчужина Востока,-1
Вокруг света в восемьдесят дней. Двадцать тысяч лье под водой,-1
Пленница,-1
Застольные беседы,-1
Урок любви в парке,-1
Титус Гроан,-1
Собрание сочинений в 5 томах. Том 5. Вечный человек. Автобиография. Эссе,-1
Биография Белграда,-1
Большая засада,-1
Над кукушкиным гнездом,-1
Как творить историю,-1
Медовый месяц,-1
Золотце ты наше. Джим с Пиккадилли. Даровые деньги,-1
Что-нибудь эдакое. Летняя гроза. Задохнуться можно. Дядя Фред весенней порой,-1
Записки о Шерлоке Холмсе,-1
День саранчи,-1
Хуан Хосе Арреола. Избранное,-1
Франкенштейн. Последний человек,847
Дело было так,-1
Господин Адамсон,-1
Мемуары безумца,-1
Яков-лжец,-1
Трава поет,-1
"Рассказ человека, оказавшегося за бортом корабля",-1
На край света. Ритуалы плавания. В непосредственной близости. Негасимое пламя,-1
О любви и прочих бесах,-1
Уильям Фолкнер. Собрание рассказов в 2 томах. Том 2,-1
Токсикология,-1
Песни Обреченного,-1
Содом и Гоморра,-1
Сага о Форсайтах. В 2 т. Т. 2,-1
Сирано де Бержерак: пьесы,-1
"Уайнсбург, Огайо. Рассказы",-1
"Рукопись, найденная в Сарагосе: роман",-1
Отверженные. В двух томах. Том 2,-1
Кентерберийские рассказы,-1
Враги общества,-1
Тошнота,-1
Великий Гэтсби. Рассказы,-1
Джордж Оруэлл. Все романы в одном томе,-1
Чувствую себя глубоко подавленным и несчастным. Из дневников 1911–1965,-1
Финансист,-1
Невероятная и грустная история о простодушной Эрендире и ее жестокосердной бабушке,-1
Цветники Гельвеции и другие тексты,-1
Ду Фу,-1
Последний из умных любовников,-1
Другое место,-1
Рождение знаменитости,-1
Всадник на белом коне,108
Добродетель эгоизма,-1
Темная весна,-1
Игра страсти,-1
Мемуары Дьявола,-1
Отель - мир,-1
Аустерия,-1
Адам и Эвелин,-1
Осень в Петербурге,-1
Монологи вагины,-1
Футбольная горячка,-1
Над кукушкиным гнездом. Гаражная распродажа,-1
Большие надежды,-1
Причуды Артура,-1
Дом вампира и другие сочинения,-1
"Мать извела меня, папа сожрал меня. Сказки на новый лад",-1
Человек из офиса,-1
Жажда жить,-1
Головы Стефани (Прямой рейс к Аллаху),-1
Мой ответ - нет,-1
Фантастичнее вымысла,-1
Атом,-1
Мужчины на моей кушетке,-1
Граф Монте-Кристо: роман в 2 т. Т. 1,-1
Волхв,-1
Дон-Жуан. Паломничество Чайльд-Гарольда: поэмы,-1
У Германтов: роман,-1
Черный принц.,-1
Сталки и компания,-1
Божественная Комедия,-1
Кондотьер,-1
Самородок,-1
Вспоминая моих несчастных шлюшек,-1
Мерсье и Камье,-1
Мари-Мадлен де Лафайет. Сочинения,675
Долина Виш-Тон-Виш,-1
Прекрасный желтый Дунай. В Магеллании,-1
Мистические фрагменты,-1
Любовная история галлов,600
Падший ангел,585
Духовидец. Из воспоминаний графа фон О***,-1
Оскар Уайльд. Полное собрание прозы и драматургии в одном томе,-1
Похороны месье Буве,-1
Грааль Фикция. Рыцарь Mолчание,-1
Мой муж - коммунист!,-1
Бремя секретов,-1
Протокол,-1
Сэндзи. Повесть о Сагоромо. Оно Такамура. Повесть о Такамура,-1
Подвиги несравненного Ходжи Насреддина,-1
Век страсти. Французская фривольная проза,-1
Последний звонок,-1
Год в Провансе,-1
Проклятое время,-1
Мудрая кровь,-1
О мышах и людях. Жемчужина,-1
Шкатулка сновидений,-1
Вторая часть хитроумного кабальеро Дон Кихота Ламанческого II,-1
Вокруг света за 80 дней,-1
Удушье,-1
Альковные секреты шеф-поваров,-1
Мой дядюшка Освальд,-1
Ночная гостья,-1
Полная луна. Дядя Динамит. Перелетные свиньи. Время пить коктейли. Замок Бландинг,270
Абсолютист,-1
Бить будет Катберт. Сердце обалдуя. Лорд Эмсворт и другие,-1
Великий Гэтсби. Последний магнат,-1
"Стоиеновая певичка, или Райский ангел",-1
Тайная история Изабеллы Баварской,-1
"Кодекс порядочных людей, или о способах не попасться на удочку мошенникам",-1
Жутко громко и запредельно близко,-1
Теодор Фрэнсис Поуис. Притчи,-1
Странные истории. Рассказы о людях необычайных,-1
Алчность,-1
Собрание сочинений. В 3 томах,-1
"Утраченные книги ""Одиссеи""",-1
Палая листва,-1
Американские боги. Король горной долины. Сыновья Ананси,-1
Три мушкетера,-1
Морской волк. Рассказы,-1
Отверженные. В двух томах. Том 1,-1
"""Утц"" и другие истории из мира искусств",-1
Хозяйка пансиона,-1
Сто лет одиночества,-1
Враги. История любви,-1
"Все четыре стороны. Книга 1. По рельсам, поперек континентов",-1
За гранью,-1
Месье. Любить,-1
Берег Утопии,-1
Так ли плохи сегодняшние времена? Избранные сочинения,-1
Я проклинаю реку времени,-1
Входят трое убийц,-1
Призрак автора,-1
Кабаре,-1
Клара Ш.,-1
"Человек без страны, или Америка разБУШевалась",-1
Смерть и жизнь Бобби Z,-1
Странствия по двум мирам,-1
Сила обстоятельств,-1
Сад наслаждений: роман о жизни и творчестве Иеронима Босха,-1
Обещание на рассвете,-1
Консуэло,-1
Горменгаст,-1
Уцелевший,-1
"Праздник, который всегда с тобой",-1
Дороги еврейских скитаний,-1
Что ты видишь сейчас?,-1
От Рима до Сицилии. Прогулки по Южной Италии,-1
Восточная классика в русских переводах,-1
Театр Жана Жене. Пьесы. Статьи. Письма,-1
"Утка, утка, Уолли",-1
Не оглядывайся!,-1
Синдром Коперника,-1
Клоун Шалимар,-1
Электронные письма,-1
Круг замкнулся,-1
Я люблю Будду,-1
Красное и черное,-1
Над кукушкиным гнездом. Гаражная распродажа,-1
Фвонк,-1
Порою блажь великая,-1
Сын цирка,-1
Целительный отдых,-1
Британец,-1
Корейские повести XIX века (2 тома),-1
7 современных финских пьес,-1
Внутренний голос,-1
День бумеранга,-1
Библия сегодня,-1
Hermanas,-1
"Стакан молока, пожалуйста",-1
Воспоминания необразумившегося молодого человека,-1
Собор Парижской Богоматери,-1
Божественная комедия,-1
В ожидании Годо,-1
Фауст (в двух томах),-1
Музыка горячей воды,-1
Глаза голубой собаки,-1
Синдром паники в городе огней,-1
Кошкин стол,-1
О дивный новый мир,-1
Злой дух,-1
Ограда. Избранная проза,650
Игры. Марина Бувайло,219
Пастухи фараона,180
Brand. Поп-арт роман,124
Предчувствие конца,-1
Пражское кладбище,-1
"Первое ""Воспитание чувств""",-1
Азарел,-1
Дом доктора Ди,-1
Мораль красивых девушек,-1
Мамаша Кураж и ее дети: Пьесы,-1
"Отель ""Пастис""",-1
Хроника объявленной смерти,-1
Фрэнсис Скотт Фицджеральд. Все романы в одном томе,-1
Бегущий за ветром,-1
Тайная вечеря,-1
Прощальный вздох мавра,-1
Новый метафизис,298
"Операция ""Остров""",194
"Место, где пляшут и поют",75
Встречи без продолжений,50
Бейкер-стрит на Петроградской,211
Завещание Гранда. Книга юмора,171
Последнее небо,96
Хорошее настроение,84
Сочинения в 2 тт. Невский зимой,385
Лондон. Биография города,-1
Что слышно насчет войны?,-1
Тессеракт,-1
Нежная отравительница,-1
Q. E. D.,-1
Бунтующий человек,-1
"Памела. Шельмела: Бестселлеры XVIII века: в 2 ч. Ч.1. Письма к издателю ""Памелы""., С. Ричардсон. Пам",-1
Тюрьма,-1
Рассказы. Стихотворения,-1
Титан; Стоик,-1
Мальчик,-1
Атлант расправил плечи,-1
Ромео и Джульетта,-1
"Киска, король пиратов",-1
Тайные убийцы,-1
Она,-1
Подозрительные пассажиры твоих ночных поездов,-1
Год Иова,-1
Горменгаст. Книга 1. Титус Гроан,-1
Фокус,-1
По эту сторону от мертвых,-1
Блэйдраннер,-1
Тараумара,-1
Волок,-1
Бремя чисел,-1
Калахари. Курсы машинописи для мужчин,-1
"Умм, или Исида среди неспасенных",-1
Забудьте Адама Вайнбергера,-1
Приключения Шерлока Холмса,-1
"Ты сияй, звезда ночная",-1
Фауст. Страдания юного Вертера. Лирика,-1
Свадебное путешествие,-1
Дегустатор,-1
Непростой читатель,-1
Гиппопотам,-1
Маргерит Юрсенар. Избранные сочинения в 3 томах. Том 1,-1
Сага о Глассах,-1
Идеальный друг,-1
Я – аферист. Признания банкира,-1
Чудовище Франкенштейна,-1
Между Богом и мной все кончено,-1
Иов,-1
Железный человек,-1
По дороге к концу,-1
"Мир и радость вам, живущие...",-1
Против света. Потустороннее повествование,-1
Советы пана Куки,-1
Избранник,-1
Темная муза,-1
Семья Мускат,-1
Раб,-1
Учитель фехтования,-1
Гептамерон. В двух томах,-1
Снафф,-1
Загадка старого леса,-1
Божественная Комедия,-1
Последний бой майора Петтигрю,-1
Девять врат. Таинства хасидов,-1
В ожидании варваров,-1
Нобелевская премия,-1
Отличное тело,-1
Тройка,-1
Все оттенки тьмы,-1
Калигула,-1
Эсхил. Софокл. Еврипид. Трагедии,-1
Хроника страсти,-1
Сестра Моника,-1
Про всех падающих,-1
Сочинения Фрица Кохера и другие этюды,-1
Шаг за черту,-1
"Святой Мануэль Добрый, мученик",-1
Canto,-1
Семья Карновских,-1
Вчера-позавчера,-1
Смилла и ее чувство снега,-1
Готические виды спорта. Том 1,-1
Брачный офицер,-1
Подруги-отравительницы,-1
"Вергилий, нет!",-1
Похождения скверной девчонки,-1
Мандарины,-1
Наказания. Рассказы. Франц Кафка,-1
"Зачарованные тайной. Странные явления и странные люди, повстречавшиеся мне во время странствий по Во",-1
Белое отребье,-1
Убить пересмешника…,-1
Похождения бравого солдата Швейка,-1
Непричесанные мысли,-1
Милый друг,-1
Любовь во время чумы,-1
Скажи ее имя,284
"Гамлет, принц Датский",-1
Серебряная Инна,-1
Оберон. Музарион,-1
Пресс-папье,-1
Изидор. Роман о жизни графа де Лотреамона,-1
Везунчик Джим,-1
Хуже некуда,-1
Госпожа Бовари. Воспитание чувств,-1
"Человек, который смеется",-1
Книга,-1
Милан Кундера .Собрание сочинений в четырех томах,-1
Аристос: Философская эссеистика,-1
Маргерит Юрсенар. Избранные сочинения в 3 томах. Том 2,-1
Антология современной польской драматургии,-1
Три жизни,-1
"Мечты о женщинах, красивых и так себе",-1
Портрет невидимого,-1
Люблинский штукарь,-1
Милые мальчики,-1
Арабские сказки,-1
Запретные цвета,-1
Демон Максвелла,-1
Голубь и Мальчик,-1
Путешествия с Геродотом,-1
Испанцы трех миров. Избранная проза. Стихотворения,-1
Три мушкетера. В двух томах,-1
Потоп,-1
Мерседес-Бенц. Из писем к Грабалу,-1
Советы для жизни,-1
Дядюшка Робинзон. Паровой дом,-1
Иероглифические сказки,-1
Благословенное дитя,-1
Контрапункт,-1
Механический эрос,-1
Свитер,-1
Парижская жена,-1
Интерзона,-1
В ожидании дождя,-1
Гении без штанов,-1
"Аделаида Брауншвейгская, принцесса Саксонская",-1
Верховные судороги,-1
Глаз Эвы,-1
Форма ночи,-1
Тишина,-1
В незнакомой комнате,-1
В дороге,-1
Американская трагедия,-1
Алиса в Стране чудес и в Зазеркалье. Пища для ума,-1
Дрянье (антибиография),-1
Касторп,-1
Путь Мури,149
Русский садизм,243
Теория описавшегося мальчика,212
Красный свет,362
Победить море,150
В ордене Зажженной Искры,208
Похороните меня за плинтусом,225
Книга Розы,200
Соловьев и Ларионов,231
Лето в Бадене и другие сочинения,195
Нестрашный мир,162
Блестящее одиночество,183
Счастье возможно: роман нашего времени,169
Сказка о глупом Галилее. Редкие и коллекционные шедевры изящной сатиры,213
Лестница на шкаф,110
"Прощай, Атлантида!",252
Вилла Бель-Летра,184
Дисбат,194
Коллекция нефункциональных мужчин. Предъявы,132
Серые тетради,93
Найти Иисуса,161
Ереси,213
Благая весть Марии,233
Keep left,117
Старые книги,94
Мертвецкий фонарь,180
Чужая душа,157
Год жжизни,183
Русские поминки,194
Небо цвета надежды,-1
Записки кинооператора Серафино Губьо,-1
Развратный роман,-1
Тирания покаяния: Эссе о западном мазохизме,-1
Пора уводить коней,-1
Исчезание,-1
Средневековая японская проза,-1
Ивы растут у воды,-1
Армагеддон в ретроспективе,-1
Гордость и предубеждение. Нортенгерское аббатство (Библиотека всемирной литературы),-1
Книга россказней,-1
Совсем как человек,-1
Кунсткамера. История одной картины,-1
Издержки хорошего воспитания,-1
Страх и отвращение в Лас-Вегасе,-1
Одна ночь в Дубае,-1
Дело Матюшина,179
Вок-вок,117
"Дочки, матери",116
Революция,196
Ведьменыш,200
Медленные челюсти демократии. Статьи и эссе.,325
Тайная слава,-1
Сокровище альбигойцев,-1
Бунт,-1
Шестьдесят рассказов,-1
Монах,-1
Праздник заклятий,-1
Мокруха,-1
Бегущий за ветром,-1
Ярмарка тщеславия: Роман без героя,-1
Эрнест Хемингуэй. Собрание сочинений. В 7 томах. Том 1. В наше время. Фиеста (И восходит солнце). Ве,-1
Пир мудрецов. В пятнадцати книгах. Книги I - VIII,350
Музыка любви,-1
Правек и другие времена,-1
Ром,-1
Изгнание из ада,-1
Лисьи чары. Монахи-волшебники,-1
Этичный убийца,-1
Самоубийственная гонка,-1
Сейчас вылетит птичка!,-1
Торговец кофе,-1
Необычайная коллекция,-1
Встреча,-1
Гуляш из турула,-1
Последние истории,-1
С ними по-хорошему нельзя. Интимный дневник Салли Мара,-1
Жена-22,273
Йоханн Дэвид Висс швейцарский Робинзон. Вторая родина,-1
Берлин Александрплац,850
Карманный атлас женщин,-1
Брабантские сказки,-1
Камчатка,-1
История телохранителя,-1
"Папа сожрал меня, Мать извела меня",-1
Посмертные записки Пиквикского клуба,-1
Утраченное утро жизни: Автобиографическая повесть,-1
Ночь и день,-1
Из головы,-1
Признания и проклятия,-1
Пляска смерти,-1
Хождение за назначенную черту,-1
"Верный садовник. Мудрая сказка о том, что никогда не умрет",-1
Сверстники,-1
Кровавый роман,-1
Скрытая традиция,-1
Счётная машина,-1
Теннисные мячики небес,-1
Спаситель мира (фальш супер),-1
Ромео и Джульетта. Гамлет. Отелло. Король Лир. Макбет. Юлий Цезарь. Антоний и Клеопатра. Кориолан,-1
Последняя расхлябанность: Манифест дада и тридцать три уголовных рассказа,-1
Роман с пивом,-1
Мегатерион. Зверь 666,-1
Таинственное пламя царицы Лоаны,-1
Все достало,-1
Другое море,-1
Жених-призрак и другие новеллы,-1
Бумажный театр,-1
"Бумажные мосты. Пять еврейских поэтов. Мани Лейб, М.-Л. Галперн, Г. Лейвик, З. Ландау, И. Мангер",-1
Старые черти,-1
Максимы,-1
Нетерпение сердца. Новеллы,-1
Побочные эффекты,-1
"Эрнест Хемингуэй. Собрание сочинений в 7 томах. Том 6. За рекой, в тени деревьев. Лев Мисс Мэри. Опа",-1
Абу Нувас,-1
Берега дождя. Современная поэзия латышей. Выбор Сергея Морейно,-1
"Эскадрон ""Гильотина""",-1
Лоулань,-1
"Король, мудрец и шут",-1
Магнитные поля. Как Вам угодно. Бесплатное питание на вокзалах,-1
Пророчество Корана,-1
Новая жизнь мистера Уиглза,-1
Голыми руками,-1
Блуждающая звезда,-1
Эксодус. Одиссея командира,-1
"Лучше, чем секс",-1
"Проект ""Рози""",-1
Дневник плохого года,-1
Осень патриарха,-1
Чувство и чувствительность. Гордость и предубеждение. Доводы рассудка,-1
"Горы, моря и гиганты",-1
Педро Парамо. Равнина в огне,-1
"Выше стропила, плотники",-1
Сад Аваллона,-1
Антология современной британской драматургии,-1
Внутренний порок,-1
Океан звука,-1
Декамерон,-1
Тайна отца Брауна. Рассказы,-1
Голоса лета,336
Итальянское путешествие,-1
Жили-были старик со старухой,228
Русская комедия. Другой ревизор: Роман-балаган. Повесть-спектакль,289
Симулякр ли я дрожащий или право имею,-1
Ты. Очерки русской жизни,166
Женщина: бери и пользуйся!,200
Поступок,-1
Фотокамера,-1
Романески,-1
Каждый день - падающее дерево,-1
Синева небес,-1
Ламентации,-1
Ангел Западного окна,-1
Приключения Оги Марча,-1
Добро пожаловать в обезьянник,-1
Сборная солянка,-1
Шоу Фрая и Лори,-1
Седьмая встреча,110
Рождественский подарок,-1
Солнцедар,203
Самое большое животное,189
Собрание сочинений. В 4 томах. Том 2: Радости рая,177
Блог,200
Захват Московии,197
Казус Кукоцкого,236
Ланч,186
Священный мусор,303
Сахарный Кремль,234
Рассеянный склероз,-1
"Одна голова хорошо, а две лучше. Хроника времен дуумвирата",242
Два петербуржца,50
Гражданство,68
Если не выскажусь - задохнусь! Долгий путь к любимой,132
Одесская история,144
С открытыми картами,80
Дневник городского партизана,258
"Морг закрыт, расходитесь",123
Человек у моря,-1
Про китайцев,78
"Старлей, победа и весна",93
Чужая. Road Action,61
Медное море,140
Проклятие дома рейтингов,180
Общество смелых,142
"Ах, эта черная луна",129
Не женское это дело...,120
Лейб-медик,76
Бредовый суп,114
Игорная проповедь. Автобиографическая проза.,160
Наедине с тираном,213
Лавка нищих. Русские каприччо,194
Монетка на ребре,179
Настоящее,36
Милый голос. Избранные произведения,122
Над черным зеркалом,122
Возможность острова,-1
Храм на рассвете,-1
Планета шампуня,-1
Страдания князя Штерненгоха,-1
Трагедии в переводе С.В.Шервинского,-1
Повесть о Гэндзи Повесть о Гэндзи,-1
Прогулки по риму,-1
Улисс,-1
Волною морскою,223
Дориан,-1
Земля под ее ногами,-1
Холодная кожа,-1
Начинается ночь,-1
Лама Пяти Мудростей,-1
По Англии и Уэльсу. Путешествия по Британии,-1
Носорог,-1
Над пропастью во ржи,-1
Готтленд,-1
Бесы пустыни,-1
Виттория Аккоромбона,300
"Эсхил, Софокл, Еврипид. Трагедии",-1
Итало Кальвино. Собрание сочинений в 3 томах. Том 1. Наши предки,-1
О духовной жизни современной Америки,310
Книга рая. Удивительное жизнеописание Шмуэл-Абы Аберво,-1
Последний самурай,-1
Механизмы в голове,-1
Хазарский словарь,-1
Прекрасный желтый Дунай,-1
Год в Касабланке,-1
Враги общества,-1
Портрет Дориана Грея. Избранные произведения,-1
Маргерит Юрсенар. Избранные сочинения в 3 томах. Том 3,-1
Протоколы Сионских Мудрецов,-1
Падение ангела,-1
Генерал в своем лабиринте,-1
Гость из будущего. Анна Ахматова и сэр Исайя Берлин. История одной любви,-1
"Характеры, или Нравы нынешнего века",-1
Человек-змея,-1
Илиада. Одиссея,-1
Свобода,-1
Гелиогабал,-1
Размышления о чудовищах,-1
День и ночь,1080
Без ума от Венсана,-1
Призрак былой любви,413
Когда я был настоящим,-1
Лисий перевал,-1
Без дна,-1
Разбойник,-1
Мертвый Брюгге,-1
Проблеск истины,-1
Записки у изголовья,-1
Луковица памяти,-1
Комедии,-1
Эйсид Хаус,-1
Собрание сочинений. Том 3. Стихотворения 2011 года. Антология современной поэзии Санкт-Петербурга,256
Верность и ревность,242
Спектакль на всю жизнь: Старомодные рассказы,122
"Лис, или Инферно: ленинградский карманный роман",77
Пространство опоздания. Завершение несовершенства,166
"Эх, дороги!",206
Интервью с дураками. Повесть в шести историях,149
Это невыносимо светлое будущее,246
Голоса,-1
На пути,-1
Вспышка молнии за горой,-1
Жил один старичок…,-1
"Я мечтал быть таким большим, чтобы из меня одного можно было образовать республику...: Стихи и проза",-1
Другая сторона. Фантастический роман,-1
Любовь,-1
Без права на наследство,-1
Обыкновенный читатель,1323
Книга завещаний: Французские поэтические прощания и завещания XIII–XV веков,-1
"Реки, текущие к морю. Избранные стихотворения",-1
Приближение окраин: Стихи. Эссе,-1
Вино и чаша. «Рубайат»,-1
Избранное. Пилинский Янош,-1
Лоренцо Медичи и поэты его круга. Избранные стихотворения и поэмы,-1
Большая книга чепухи,-1
Музыка слов: Стихи и проза,225
Антология Григорьевской премии 2011,176
Щастье,203
Василий Теркин. Стихотворения. Поэмы,267
Гарики и проза,270
Львы и лилии,197
Маджонг,173
Лучшие стихи 2010. Поэтическая антология,213
Голова моего отца,200
"Символ ""Мы"". Еврейская хрестоматия",110
Записные книжки,171
Орбинавты,243
Макаров чешет затылок,130
Исход. Подростковая проза,76
Побег куманики,219
Страсти Христовы,101
SOS!,152
Демон сочинительства,126
Румянцевский сквер,186
Деточка,199
Счастливое детство,180
Столовая Гора,192
Год черной луны,-1
Русский воровской рассказ,223
Поэма столицы,660
Моментальное слово,97
Заговор дождей,110
Орфей,56
Из русской поэзии,146
Буддийский дневник,65
Жалитвослов,150
Мы встретились в раю,-1
Анфилада. Стихи 1957-2007,203
Цыганский хлеб,203
Все рыбы,55
Сохранившиеся стихи,152
Вид сверху,206
Книга непокоя,-1
Человек ли это?,-1
Избранные стихотворения. 1983-2005. Роалд Хофман,-1
Горькие лимоны,-1
Сакральное,-1
Избранные произведения,-1
Торговец кофе,-1
Камень тысячи людей. Средневековая поэзия Китая,-1
Детские шалости,-1
Проклятые поэты,-1
Афоризмы,-1
Антология новой грузинской поэзии,-1
Цветы зла,-1
В двух измерениях: Современная британская поэзия в русских переводах,-1
Сочинения. Пруденций Аврелий Клемент,-1
Слова. Стихотворения 1929-1938,-1
Уильям Шекспир. Сонеты / William Shakespeare: Sonnets,-1
Взгляни на дом свой. Роман,350
Голубая книга / Собрание сочинений,284
Пауль Целан. Стихотворения. Проза. Письма,-1
Сто стихотворений. Бертольд Брехт,-1
Эмали и камеи,-1
Суть Руми,-1
Воспоминания благовоспитанной девицы,-1
Пожирательница гениев,-1
Река без берегов. Часть первая: Деревянный корабль,-1
Гэндайси: Антология послевоенной японской поэзии,-1
75 стихотворений / 75 Dikt,-1
Поведал странник,-1
"""Несмолкающий мотив"" в собрании русских переводов (1913-2013 гг.)",-1
Чума,-1
Любовный хлеб,-1
Голый завтрак,-1
Илиада,-1
"Восток, Запад",-1
Неделя зимы,-1
Поэзия и драма,-1
Кошки-мышки,-1
Избранное. Збигнев Херберт,-1
По морю прочь,-1
Баллады Кукутиса,-1
Афганская поэзия в первой половине-середине XVII в.,-1
Ostinato. Стихотворения Самюэля Вуда,-1
Сонеты к Орфею,-1
Стихотворения,-1
Стихотворения,-1
Стихотворения,-1
Морские города,-1
Римские сонеты,-1
Земля морей: Антология поэзии Новой Зеландии,-1
Дом на Тара-роуд,-1
Пространство другими словами. Французские поэты XX века об образе в искусстве,-1
Дочь Ганга,-1
Месса во времена войны,-1
Трагедии,-1
Взвешенный остров,-1
Шёпот женщины-кита,-1
Средь сумерек и теней: Избранные стихотворения,-1
Сердце и душа,-1
Неверная заря,-1
Если однажды зимней ночью путник. Третий том,-1
Среди печальных бурь. Из польской поэзии XIX–XX веков,-1
Произведения Джима Моррисона,-1
Из ранней валлийской поэзии,717
Азиатская медь. Антология современной китайской поэзии,-1
В ожидании Годо,-1
Сивилла,-1
Мельник ностальгии,-1
Воображенные сонеты,-1
Из шотландской поэзии XVI-XIX вв,-1
"Точки схода, точка исчезновения",-1
Зеленый дом,-1
Английская абсурдная поэзия,-1
Вокруг королевства и вдоль империи. Все четыре стороны. Книга 2,-1
Слепая вера,-1
Лесбийское тело,-1
Вспоминая моих грустных шлюх,-1
Западно-восточный диван,-1
Неврозы. Книга стихотворений (1883),-1
Песни Сиона,-1
Зримая тьма,-1
Немезида,-1
"Словарь ""Маятника Фуко""",-1
Японская классическая поэзия Нового времени: конец ХIХ - первая половина ХХ в.: Антология,-1
Не бойся волков,-1
Воздушные змеи,-1
Исповедь арабской женщины,-1
Драма на углу улицы. Японский театр абсурда,-1
Купе смертников,-1
Метаморфозы или Золотой осел в иллюстрациях Анатолия Зверева,-1
Призраки не лгут,-1
Двенадцать повестей,-1
Моя нечестивая жизнь,-1
Лес повешенных лисиц,-1
Тендеренда-фантаст: Роман 1920 года,-1
Переводы с русского и обратно,-1
Жене Жан. Стихотворения,-1
Угрино и Инграбания и другие ранние тексты,-1
Противники,-1
Вредные советы жуликам и ворам и борцам с коррупцией (+ 1 CD),312
Старые грехи,425
Сон льва,135
Мертвый ноябрь,256
Порох непромокаемый. Сказки города Питера,189
Собрание сочинений. Том 4. Стихотворения 2012 года. Антология современной поэзии Санкт-Петербурга,257
Театр в стихах русских поэтов: антология,426
Счастливая девочка растет,295
Несвобода небосвода. Сто газетных текстов,183
"Сержант Пеппер, живы твои сыновья! Там, где падают ангелы",426
Доля правды,187
Прошедшей ночью. Лагерные рассказы,-1
Аля эш! или лучше наличными. Плутовской роман,138
Итальянское каприччио,130
"Ковчег детей, или Невероятная одиссея",248
По Швеции с Андреем Константиновым. Авторский путеводитель,235
Паб: пьесы,139
Гипно Некро Спам,150
Естественные науки,194
Бремя женщин,166
Эхо зеркал,186
